{
    "teff": {
        "fixed": false,
        "value": 29061.9609375,
        "bounds": [
            28525.884453125,
            29577.900703125
        ],
        "scale": 655.6004638671875,
        "errors_pm": [
            515.9397656250003,
            536.0764843750003
        ]
    },
    "logg": {
        "fixed": false,
        "value": 7.847596645355225,
        "bounds": [
            7.763779640197754,
            7.941221313476563
        ],
        "scale": 0.10372811555862427,
        "errors_pm": [
            0.09362466812133796,
            0.0838170051574707
        ]
    },
    "av": {
        "fixed": false,
        "value": 0.13649070262908936,
        "bounds": [
            0.1175259205698967,
            0.15482712030410767
        ],
        "scale": 0.022688595578074455,
        "errors_pm": [
            0.018336417675018313,
            0.01896478205919265
        ]
    },
    "rv": {
        "fixed": true,
        "value": 3.1,
        "bounds": [
            1.7,
            5.1
        ],
        "scale": 0.0,
        "errors_pm": [
            0.0,
            0.0
        ]
    },
    "dl": {
        "fixed": false,
        "value": 5463.59375,
        "bounds": [
            5401.06884765625,
            5536.1259765625
        ],
        "scale": 82.27332305908203,
        "errors_pm": [
            72.5322265625,
            62.52490234375
        ]
    },
    "fwhm": {
        "fixed": false,
        "value": 9.902793407440186,
        "bounds": [
            6.660852298736572,
            12.44437934875488
        ],
        "scale": 3.1460132598876953,
        "errors_pm": [
            2.541585941314695,
            3.241941108703614
        ]
    },
    "fsig": {
        "fixed": false,
        "value": 3.6047589778900146,
        "bounds": [
            1.3027704763412475,
            11.70167346954345
        ],
        "scale": 7.886029243469238,
        "errors_pm": [
            8.096914491653436,
            2.301988501548767
        ]
    },
    "tau": {
        "fixed": false,
        "value": 3412.4111328125,
        "bounds": [
            1296.19677734375,
            9355.290507812491
        ],
        "scale": 4394.91162109375,
        "errors_pm": [
            5942.879374999991,
            2116.21435546875
        ]
    },
    "fw": {
        "fixed": false,
        "value": 0.03304838947951794,
        "bounds": [
            0.009381580278277396,
            0.08178893268108366
        ],
        "scale": 0.04293013736605644,
        "errors_pm": [
            0.04874054320156572,
            0.023666809201240542
        ]
    },
    "mu": {
        "fixed": false,
        "value": 58.54036331176758,
        "bounds": [
            58.51579666137695,
            58.56449508666992
        ],
        "scale": 0.029979918152093887,
        "errors_pm": [
            0.02413177490234375,
            0.024566650390625
        ]
    }
}