{
    "teff": {
        "scale": 799.28761046824,
        "value": 38521.333776772895,
        "bounds": [
            16000.0,
            90000.0
        ],
        "fixed": false
    },
    "logg": {
        "scale": 0.10531721432959085,
        "value": 7.762479039847749,
        "bounds": [
            7.0,
            9.5
        ],
        "fixed": false
    },
    "av": {
        "scale": 0.010201234577675744,
        "value": 0.200222893224278,
        "bounds": [
            0.0,
            2.0
        ],
        "fixed": false
    },
    "rv": {
        "scale": 0.18,
        "value": 3.1,
        "bounds": [
            1.7,
            5.1
        ],
        "fixed": true
    },
    "dl": {
        "scale": 66.96737476108365,
        "value": 6417.703063081885,
        "bounds": [
            1e-07,
            10000000.0
        ],
        "fixed": false
    },
    "fwhm": {
        "scale": 0.5,
        "value": 5.0,
        "bounds": [
            0.1,
            25.0
        ],
        "fixed": false
    },
    "fsig": {
        "scale": 0.1,
        "value": 0.5,
        "bounds": [
            0.0,
            50.0
        ],
        "fixed": false
    },
    "tau": {
        "scale": 100.0,
        "value": 5000.0,
        "bounds": [
            500.0,
            20000.0
        ],
        "fixed": false
    },
    "fw": {
        "scale": 0.1,
        "value": 0.0001,
        "bounds": [
            0.0,
            10.0
        ],
        "fixed": false
    },
    "mu": {
        "scale": 1.0,
        "value": 59.239274878354166,
        "bounds": [
            -1e-25,
            1000.0
        ],
        "fixed": false
    }
}