{
    "teff": {
        "scale": 1992.6026611328125,
        "value": 36691.484375,
        "bounds": [
            35208.6640625,
            38357.322812499995
        ],
        "fixed": false,
        "errors_pm": [
            1665.838437499995,
            1482.8203125
        ]
    },
    "logg": {
        "scale": 0.26391729712486267,
        "value": 7.535878658294678,
        "bounds": [
            7.318274898529053,
            7.8168056678771975
        ],
        "fixed": false,
        "errors_pm": [
            0.2809270095825198,
            0.21760375976562507
        ]
    },
    "av": {
        "scale": 0.029685350134968758,
        "value": 0.24054928123950958,
        "bounds": [
            0.21681003034114837,
            0.2641518354415893
        ],
        "fixed": false,
        "errors_pm": [
            0.02360255420207974,
            0.02373925089836121
        ]
    },
    "rv": {
        "scale": 0.0,
        "value": 3.1,
        "bounds": [
            1.7,
            5.1
        ],
        "fixed": true,
        "errors_pm": [
            0.0,
            0.0
        ]
    },
    "dl": {
        "scale": 249.8771514892578,
        "value": 6094.443115234375,
        "bounds": [
            5974.12060546875,
            6367.44791015625
        ],
        "fixed": false,
        "errors_pm": [
            273.00479492187515,
            120.322509765625
        ]
    },
    "fwhm": {
        "scale": 6.053899765014648,
        "value": 12.417204856872559,
        "bounds": [
            5.262435817718506,
            18.82426246643066
        ],
        "fixed": false,
        "errors_pm": [
            6.407057609558102,
            7.154769039154052
        ]
    },
    "fsig": {
        "scale": 6.82893705368042,
        "value": 2.249706745147705,
        "bounds": [
            0.5829899835586547,
            8.550672454833983
        ],
        "fixed": false,
        "errors_pm": [
            6.3009657096862774,
            1.6667167615890504
        ]
    },
    "tau": {
        "scale": 5223.67822265625,
        "value": 10295.54443359375,
        "bounds": [
            4589.65755859375,
            16684.749296875
        ],
        "fixed": false,
        "errors_pm": [
            6389.204863281251,
            5705.886875
        ]
    },
    "fw": {
        "scale": 0.04067227616906166,
        "value": 0.031246243044734,
        "bounds": [
            0.008987703993916511,
            0.07750375777482986
        ],
        "fixed": false,
        "errors_pm": [
            0.04625751473009586,
            0.02225853905081749
        ]
    },
    "mu": {
        "scale": 0.058350082486867905,
        "value": 59.13298416137695,
        "bounds": [
            59.08716583251953,
            59.17948913574219
        ],
        "fixed": false,
        "errors_pm": [
            0.046504974365234375,
            0.045818328857421875
        ]
    }
}