{
    "teff": {
        "fixed": false,
        "bounds": [
            39306.5853125,
            43051.11
        ],
        "scale": 2228.773193359375,
        "errors_pm": [
            1993.0240625000006,
            1751.5006250000006
        ],
        "value": 41058.0859375
    },
    "logg": {
        "fixed": false,
        "bounds": [
            7.823319129943848,
            8.141255378723145
        ],
        "scale": 0.19162213802337646,
        "errors_pm": [
            0.14730072021484375,
            0.17063552856445252
        ],
        "value": 7.993954658508301
    },
    "av": {
        "fixed": false,
        "bounds": [
            0.31240498542785644,
            0.3404812812805176
        ],
        "scale": 0.017021412029862404,
        "errors_pm": [
            0.013901829719543457,
            0.01417446613311768
        ],
        "value": 0.3265794515609741
    },
    "rv": {
        "fixed": true,
        "bounds": [
            1.7,
            5.1
        ],
        "scale": 0.0,
        "errors_pm": [
            0.0,
            0.0
        ],
        "value": 3.1
    },
    "dl": {
        "fixed": false,
        "bounds": [
            4924.05078125,
            5172.2334765625
        ],
        "scale": 151.18490600585938,
        "errors_pm": [
            122.37654296875007,
            125.80615234375
        ],
        "value": 5049.85693359375
    },
    "fwhm": {
        "fixed": false,
        "bounds": [
            2.831463994979859,
            11.295401725769043
        ],
        "scale": 4.176505088806152,
        "errors_pm": [
            4.5126854515075685,
            3.951252279281616
        ],
        "value": 6.782716274261475
    },
    "fsig": {
        "fixed": false,
        "bounds": [
            5.943479804992676,
            27.62673477172851
        ],
        "scale": 11.211953163146973,
        "errors_pm": [
            15.550707378387447,
            6.132547588348388
        ],
        "value": 12.076027393341064
    },
    "tau": {
        "fixed": false,
        "bounds": [
            1327.054345703125,
            4277.364121093749
        ],
        "scale": 1678.1907958984375,
        "errors_pm": [
            1957.112534179687,
            993.1972412109376
        ],
        "value": 2320.2515869140625
    },
    "fw": {
        "fixed": false,
        "bounds": [
            0.004801673796027898,
            0.0415664206445217
        ],
        "scale": 0.023104259744286537,
        "errors_pm": [
            0.024846380874514566,
            0.011918365973979234
        ],
        "value": 0.016720039770007133
    },
    "mu": {
        "fixed": false,
        "bounds": [
            58.30345916748047,
            58.39045333862305
        ],
        "scale": 0.05081181228160858,
        "errors_pm": [
            0.04454803466796875,
            0.042446136474609375
        ],
        "value": 58.34590530395508
    }
}