{
    "teff": {
        "value": 57180.6953125,
        "scale": 4579.94921875,
        "errors_pm": [
            4238.472499999996,
            3931.4810937500006
        ],
        "bounds": [
            53249.21421875,
            61419.167812499996
        ],
        "fixed": false
    },
    "logg": {
        "value": 7.627766132354736,
        "scale": 0.27177274227142334,
        "errors_pm": [
            0.25197887420654297,
            0.24303491592407234
        ],
        "bounds": [
            7.384731216430664,
            7.879745006561279
        ],
        "fixed": false
    },
    "av": {
        "value": 0.20002785325050354,
        "scale": 0.017787691205739975,
        "errors_pm": [
            0.014725126028060892,
            0.015343666076660156
        ],
        "bounds": [
            0.18468418717384338,
            0.21475297927856443
        ],
        "fixed": false
    },
    "rv": {
        "value": 3.1,
        "scale": 0.0,
        "errors_pm": [
            0.0,
            0.0
        ],
        "bounds": [
            1.7,
            5.1
        ],
        "fixed": true
    },
    "dl": {
        "value": 10631.68359375,
        "scale": 374.3313903808594,
        "errors_pm": [
            307.63882812500015,
            355.8157421875003
        ],
        "bounds": [
            10275.8678515625,
            10939.322421875
        ],
        "fixed": false
    },
    "fwhm": {
        "value": 6.348310470581055,
        "scale": 4.6432600021362305,
        "errors_pm": [
            5.561009407043457,
            3.8881760501861575
        ],
        "bounds": [
            2.460134420394897,
            11.909319877624512
        ],
        "fixed": false
    },
    "fsig": {
        "value": 5.556146621704102,
        "scale": 8.645956993103027,
        "errors_pm": [
            9.52231620788574,
            3.0429296493530273
        ],
        "bounds": [
            2.513216972351074,
            15.078462829589842
        ],
        "fixed": false
    },
    "tau": {
        "value": 4451.87060546875,
        "scale": 4145.54296875,
        "errors_pm": [
            5422.701230468745,
            2211.0815527343752
        ],
        "bounds": [
            2240.7890527343748,
            9874.571835937495
        ],
        "fixed": false
    },
    "fw": {
        "value": 0.02797334548085928,
        "scale": 0.036312200129032135,
        "errors_pm": [
            0.040976542569696905,
            0.019923415146768094
        ],
        "bounds": [
            0.008049930334091186,
            0.06894988805055619
        ],
        "fixed": false
    },
    "mu": {
        "value": 59.61627197265625,
        "scale": 0.06377597153186798,
        "errors_pm": [
            0.056743621826171875,
            0.05731964111328125
        ],
        "bounds": [
            59.55895233154297,
            59.67301559448242
        ],
        "fixed": false
    }
}