{
    "teff": {
        "value": 59134.69068154648,
        "scale": 1845.9183034363014,
        "bounds": [
            16000.0,
            90000.0
        ],
        "fixed": false
    },
    "logg": {
        "value": 7.526394650664713,
        "scale": 0.11744680693555942,
        "bounds": [
            7.0,
            9.5
        ],
        "fixed": false
    },
    "av": {
        "value": 0.3566016684773827,
        "scale": 0.008521456647772818,
        "bounds": [
            0.0,
            2.0
        ],
        "fixed": false
    },
    "rv": {
        "value": 3.1,
        "scale": 0.18,
        "bounds": [
            1.7,
            5.1
        ],
        "fixed": true
    },
    "dl": {
        "value": 9249.968659355,
        "scale": 101.79816122890497,
        "bounds": [
            1e-07,
            10000000.0
        ],
        "fixed": false
    },
    "fwhm": {
        "value": 5.0,
        "scale": 0.5,
        "bounds": [
            0.1,
            25.0
        ],
        "fixed": false
    },
    "fsig": {
        "value": 0.5,
        "scale": 0.1,
        "bounds": [
            0.0,
            50.0
        ],
        "fixed": false
    },
    "tau": {
        "value": 5000.0,
        "scale": 100.0,
        "bounds": [
            500.0,
            20000.0
        ],
        "fixed": false
    },
    "fw": {
        "value": 0.0001,
        "scale": 0.1,
        "bounds": [
            0.0,
            10.0
        ],
        "fixed": false
    },
    "mu": {
        "value": 59.48987434568109,
        "scale": 1.0,
        "bounds": [
            -1e-25,
            1000.0
        ],
        "fixed": false
    }
}