{
    "teff": {
        "bounds": [
            39590.5078125,
            40914.79359375
        ],
        "value": 40087.34375,
        "errors_pm": [
            827.4498437500006,
            496.8359375
        ],
        "fixed": false,
        "scale": 831.1010131835938
    },
    "logg": {
        "bounds": [
            7.649077339172363,
            7.785623073577881
        ],
        "value": 7.718926906585693,
        "errors_pm": [
            0.0666961669921875,
            0.06984956741333015
        ],
        "fixed": false,
        "scale": 0.08017005771398544
    },
    "av": {
        "bounds": [
            0.00536719074472785,
            0.015917869508266447
        ],
        "value": 0.009793379344046116,
        "errors_pm": [
            0.006124490164220332,
            0.004426188599318266
        ],
        "fixed": false,
        "scale": 0.006140001583844423
    },
    "rv": {
        "bounds": [
            1.7,
            5.1
        ],
        "value": 3.1,
        "errors_pm": [
            0.0,
            0.0
        ],
        "fixed": true,
        "scale": 0.0
    },
    "dl": {
        "bounds": [
            475.25753295898437,
            483.1089782714844
        ],
        "value": 479.35321044921875,
        "errors_pm": [
            3.755767822265625,
            4.0956774902343795
        ],
        "fixed": false,
        "scale": 5.2475361824035645
    },
    "fwhm": {
        "bounds": [
            5.004609107971191,
            9.859197731018067
        ],
        "value": 7.710321664810181,
        "errors_pm": [
            2.1488760662078867,
            2.7057125568389893
        ],
        "fixed": false,
        "scale": 2.611057758331299
    },
    "fsig": {
        "bounds": [
            2.5482635021209714,
            13.742117156982417
        ],
        "value": 4.313100099563599,
        "errors_pm": [
            9.429017057418818,
            1.7648365974426272
        ],
        "fixed": false,
        "scale": 8.996683120727539
    },
    "tau": {
        "bounds": [
            548.11935546875,
            1971.5050927734374
        ],
        "value": 789.4124145507812,
        "errors_pm": [
            1182.092678222656,
            241.29305908203128
        ],
        "fixed": false,
        "scale": 1168.44091796875
    },
    "fw": {
        "bounds": [
            0.01171111214905977,
            0.10099840015172956
        ],
        "value": 0.04088552109897137,
        "errors_pm": [
            0.060112879052758195,
            0.029174408949911596
        ],
        "fixed": false,
        "scale": 0.052565183490514755
    },
    "mu": {
        "bounds": [
            53.711997985839844,
            53.74502944946289
        ],
        "value": 53.72539520263672,
        "errors_pm": [
            0.019634246826171875,
            0.013397216796875
        ],
        "fixed": false,
        "scale": 0.020487917587161064
    }
}