{
    "teff": {
        "bounds": [
            16000.0,
            90000.0
        ],
        "value": 44187.84988339672,
        "fixed": false,
        "scale": 225.98189953845213
    },
    "logg": {
        "bounds": [
            7.0,
            9.5
        ],
        "value": 7.807117945636114,
        "fixed": false,
        "scale": 0.02444595378495862
    },
    "av": {
        "bounds": [
            0.0,
            2.0
        ],
        "value": 0.018822984408160326,
        "fixed": false,
        "scale": 0.0022242097461256938
    },
    "rv": {
        "bounds": [
            1.7,
            5.1
        ],
        "value": 3.1,
        "fixed": true,
        "scale": 0.18
    },
    "dl": {
        "bounds": [
            1e-07,
            10000000.0
        ],
        "value": 508.7035163476499,
        "fixed": false,
        "scale": 1.0227076843727332
    },
    "fwhm": {
        "bounds": [
            0.1,
            25.0
        ],
        "value": 5.0,
        "fixed": false,
        "scale": 0.5
    },
    "fsig": {
        "bounds": [
            0.0,
            50.0
        ],
        "value": 0.5,
        "fixed": false,
        "scale": 0.1
    },
    "tau": {
        "bounds": [
            500.0,
            20000.0
        ],
        "value": 5000.0,
        "fixed": false,
        "scale": 100.0
    },
    "fw": {
        "bounds": [
            0.0,
            10.0
        ],
        "value": 0.0001,
        "fixed": false,
        "scale": 0.1
    },
    "mu": {
        "bounds": [
            -1e-25,
            1000.0
        ],
        "value": 53.83000913475732,
        "fixed": false,
        "scale": 1.0
    }
}