{
    "teff": {
        "scale": 1784.061279296875,
        "bounds": [
            33626.26109375,
            36443.594375
        ],
        "value": 34734.978515625,
        "errors_pm": [
            1708.6158593750006,
            1108.7174218750006
        ],
        "fixed": false
    },
    "logg": {
        "scale": 0.11324293166399002,
        "bounds": [
            7.099202556610107,
            7.312308311462402
        ],
        "value": 7.201808452606201,
        "errors_pm": [
            0.11049985885620117,
            0.10260589599609382
        ],
        "fixed": false
    },
    "av": {
        "scale": 0.026335448026657104,
        "bounds": [
            0.04541442960500717,
            0.09224458098411559
        ],
        "value": 0.06687172874808311,
        "errors_pm": [
            0.025372852236032473,
            0.021457299143075946
        ],
        "fixed": false
    },
    "rv": {
        "scale": 0.0,
        "bounds": [
            1.7,
            5.1
        ],
        "value": 3.1,
        "errors_pm": [
            0.0,
            0.0
        ],
        "fixed": true
    },
    "dl": {
        "scale": 206.51754760742188,
        "bounds": [
            8847.7098046875,
            9204.3330078125
        ],
        "value": 9050.4814453125,
        "errors_pm": [
            153.8515625,
            202.77164062500015
        ],
        "fixed": false
    },
    "fwhm": {
        "scale": 2.5480480194091797,
        "bounds": [
            1.9581695652008055,
            6.9924929809570315
        ],
        "value": 4.276214122772217,
        "errors_pm": [
            2.7162788581848147,
            2.3180445575714113
        ],
        "fixed": false
    },
    "fsig": {
        "scale": 9.952582359313965,
        "bounds": [
            2.804444599151611,
            18.013710861206054
        ],
        "value": 6.037345886230469,
        "errors_pm": [
            11.976364974975585,
            3.2329012870788576
        ],
        "fixed": false
    },
    "tau": {
        "scale": 2024.597412109375,
        "bounds": [
            736.4998583984375,
            3381.1197460937497
        ],
        "value": 1391.530517578125,
        "errors_pm": [
            1989.5892285156247,
            655.0306591796875
        ],
        "fixed": false
    },
    "fw": {
        "scale": 0.03241729363799095,
        "bounds": [
            0.007060299851000309,
            0.061416970044374436
        ],
        "value": 0.02477365080267191,
        "errors_pm": [
            0.03664331924170253,
            0.0177133509516716
        ],
        "fixed": false
    },
    "mu": {
        "scale": 0.0600108876824379,
        "bounds": [
            60.01853561401367,
            60.11989974975586
        ],
        "value": 60.06269836425781,
        "errors_pm": [
            0.057201385498046875,
            0.044162750244140625
        ],
        "fixed": false
    }
}