{
    "teff": {
        "scale": 211.19627874136495,
        "bounds": [
            16000.0,
            90000.0
        ],
        "value": 33195.772288668275,
        "fixed": false
    },
    "logg": {
        "scale": 0.04359586613441557,
        "bounds": [
            7.0,
            9.5
        ],
        "value": 7.272215063099287,
        "fixed": false
    },
    "av": {
        "scale": 0.005528386918572492,
        "bounds": [
            0.0,
            2.0
        ],
        "value": 0.15447789250145483,
        "fixed": false
    },
    "rv": {
        "scale": 0.18,
        "bounds": [
            1.7,
            5.1
        ],
        "value": 3.1,
        "fixed": true
    },
    "dl": {
        "scale": 38.036393806006345,
        "bounds": [
            1e-07,
            10000000.0
        ],
        "value": 8501.262184759657,
        "fixed": false
    },
    "fwhm": {
        "scale": 0.5,
        "bounds": [
            0.1,
            25.0
        ],
        "value": 5.0,
        "fixed": false
    },
    "fsig": {
        "scale": 0.1,
        "bounds": [
            0.0,
            50.0
        ],
        "value": 0.5,
        "fixed": false
    },
    "tau": {
        "scale": 100.0,
        "bounds": [
            500.0,
            20000.0
        ],
        "value": 5000.0,
        "fixed": false
    },
    "fw": {
        "scale": 0.1,
        "bounds": [
            0.0,
            10.0
        ],
        "value": 0.0001,
        "fixed": false
    },
    "mu": {
        "scale": 1.0,
        "bounds": [
            -1e-25,
            1000.0
        ],
        "value": 59.88643747652001,
        "fixed": false
    }
}