{
    "teff": {
        "fixed": false,
        "value": 38183.36424633184,
        "scale": 97.71224618673659,
        "bounds": [
            16000.0,
            90000.0
        ]
    },
    "logg": {
        "fixed": false,
        "value": 7.697837514314198,
        "scale": 0.013063268106694892,
        "bounds": [
            7.0,
            9.5
        ]
    },
    "av": {
        "fixed": false,
        "value": 0.129189541476306,
        "scale": 0.0014696330885916042,
        "bounds": [
            0.0,
            2.0
        ]
    },
    "rv": {
        "fixed": true,
        "value": 3.1,
        "scale": 0.18,
        "bounds": [
            1.7,
            5.1
        ]
    },
    "dl": {
        "fixed": false,
        "value": 2723.1705002656563,
        "scale": 3.2967397273209826,
        "bounds": [
            1e-07,
            10000000.0
        ]
    },
    "fwhm": {
        "fixed": false,
        "value": 5.0,
        "scale": 0.5,
        "bounds": [
            0.1,
            25.0
        ]
    },
    "fsig": {
        "fixed": false,
        "value": 0.5,
        "scale": 0.1,
        "bounds": [
            0.0,
            50.0
        ]
    },
    "tau": {
        "fixed": false,
        "value": 5000.0,
        "scale": 100.0,
        "bounds": [
            500.0,
            20000.0
        ]
    },
    "fw": {
        "fixed": false,
        "value": 0.0001,
        "scale": 0.1,
        "bounds": [
            0.0,
            10.0
        ]
    },
    "mu": {
        "fixed": false,
        "value": 57.4651733059753,
        "scale": 1.0,
        "bounds": [
            -1e-25,
            1000.0
        ]
    }
}