{
    "teff": {
        "fixed": false,
        "value": 40028.08203125,
        "scale": 1601.37158203125,
        "bounds": [
            38790.12890625,
            41405.21875
        ],
        "errors_pm": [
            1377.13671875,
            1237.953125
        ]
    },
    "logg": {
        "fixed": false,
        "value": 7.942133903503418,
        "scale": 0.09575184434652328,
        "bounds": [
            7.863209648132324,
            8.019716415405274
        ],
        "errors_pm": [
            0.07758251190185561,
            0.07892425537109382
        ]
    },
    "av": {
        "fixed": false,
        "value": 0.06490286812186241,
        "scale": 0.013301543891429901,
        "bounds": [
            0.05357556730508804,
            0.07552476823329925
        ],
        "errors_pm": [
            0.010621900111436836,
            0.011327300816774369
        ]
    },
    "rv": {
        "fixed": true,
        "value": 3.1,
        "scale": 0.0,
        "bounds": [
            1.7,
            5.1
        ],
        "errors_pm": [
            0.0,
            0.0
        ]
    },
    "dl": {
        "fixed": false,
        "value": 2942.730712890625,
        "scale": 51.57048797607422,
        "bounds": [
            2900.607177734375,
            2981.70658203125
        ],
        "errors_pm": [
            38.975869140625036,
            42.12353515625
        ]
    },
    "fwhm": {
        "fixed": false,
        "value": 2.27434241771698,
        "scale": 1.8467557430267334,
        "bounds": [
            0.9658699345588684,
            4.284652519226072
        ],
        "errors_pm": [
            2.0103101015090923,
            1.3084724831581116
        ]
    },
    "fsig": {
        "fixed": false,
        "value": 16.325551986694336,
        "scale": 9.516178131103516,
        "bounds": [
            11.586536903381347,
            28.933177108764646
        ],
        "errors_pm": [
            12.60762512207031,
            4.739015083312989
        ]
    },
    "tau": {
        "fixed": false,
        "value": 627.0396423339844,
        "scale": 360.5796203613281,
        "bounds": [
            526.1719165039062,
            944.0656909179686
        ],
        "errors_pm": [
            317.0260485839842,
            100.86772583007814
        ]
    },
    "fw": {
        "fixed": false,
        "value": 0.023102806881070137,
        "scale": 0.033060237765312195,
        "bounds": [
            0.006582297421991825,
            0.05757297441363333
        ],
        "errors_pm": [
            0.03447016753256319,
            0.016520509459078313
        ]
    },
    "mu": {
        "fixed": false,
        "value": 57.59246826171875,
        "scale": 0.03867238014936447,
        "bounds": [
            57.55998992919922,
            57.624088287353516
        ],
        "errors_pm": [
            0.031620025634765625,
            0.03247833251953125
        ]
    }
}