{
    "teff": {
        "scale": 742.1395874023438,
        "bounds": [
            33284.60546875,
            34456.938125
        ],
        "value": 33749.572265625,
        "fixed": false,
        "errors_pm": [
            707.3658593750006,
            464.966796875
        ]
    },
    "logg": {
        "scale": 0.10801493376493454,
        "bounds": [
            7.861151142120361,
            8.039756774902344
        ],
        "value": 7.9594566822052,
        "fixed": false,
        "errors_pm": [
            0.08030009269714355,
            0.09830554008483894
        ]
    },
    "av": {
        "scale": 0.010827433317899704,
        "bounds": [
            0.00400640394538641,
            0.023325286805629727
        ],
        "value": 0.011459759902209044,
        "fixed": false,
        "errors_pm": [
            0.011865526903420683,
            0.007453355956822633
        ]
    },
    "rv": {
        "scale": 0.0,
        "bounds": [
            1.7,
            5.1
        ],
        "value": 3.1,
        "fixed": true,
        "errors_pm": [
            0.0,
            0.0
        ]
    },
    "dl": {
        "scale": 67.18983459472656,
        "bounds": [
            3972.683271484375,
            4076.16849609375
        ],
        "value": 4029.4365234375,
        "fixed": false,
        "errors_pm": [
            46.731972656250036,
            56.75325195312507
        ]
    },
    "fwhm": {
        "scale": 2.5430397987365723,
        "bounds": [
            1.669561152458191,
            6.497333316802978
        ],
        "value": 3.7974655628204346,
        "fixed": false,
        "errors_pm": [
            2.6998677539825433,
            2.1279044103622438
        ]
    },
    "fsig": {
        "scale": 12.28728199005127,
        "bounds": [
            14.354041328430176,
            42.58658401489258
        ],
        "value": 28.445761680603027,
        "fixed": false,
        "errors_pm": [
            14.140822334289552,
            14.091720352172851
        ]
    },
    "tau": {
        "scale": 1264.3460693359375,
        "bounds": [
            1696.6310498046873,
            4259.658730468749
        ],
        "value": 2988.9161376953125,
        "fixed": false,
        "errors_pm": [
            1270.7425927734366,
            1292.2850878906252
        ]
    },
    "fw": {
        "scale": 0.030407140031456947,
        "bounds": [
            0.004776924289762973,
            0.041547217369079584
        ],
        "value": 0.016674265265464783,
        "fixed": false,
        "errors_pm": [
            0.0248729521036148,
            0.01189734097570181
        ]
    },
    "mu": {
        "scale": 0.030298426747322083,
        "bounds": [
            58.0955696105957,
            58.14180374145508
        ],
        "value": 58.11443328857422,
        "fixed": false,
        "errors_pm": [
            0.027370452880859375,
            0.018863677978515625
        ]
    }
}