{
    "teff": {
        "value": 59061.455078125,
        "errors_pm": [
            3389.2838281250006,
            4122.282421874996
        ],
        "scale": 4792.6640625,
        "fixed": false,
        "bounds": [
            54939.172656250004,
            62450.73890625
        ]
    },
    "logg": {
        "value": 7.466069936752319,
        "errors_pm": [
            0.1444876956939698,
            0.15233063697814941
        ],
        "scale": 0.16763997077941895,
        "fixed": false,
        "bounds": [
            7.31373929977417,
            7.610557632446289
        ]
    },
    "av": {
        "value": 0.11536501720547676,
        "errors_pm": [
            0.011809143871068961,
            0.016125435978174202
        ],
        "scale": 0.019948991015553474,
        "fixed": false,
        "bounds": [
            0.09923958122730256,
            0.12717416107654572
        ]
    },
    "rv": {
        "value": 3.1,
        "errors_pm": [
            0.0,
            0.0
        ],
        "scale": 0.0,
        "fixed": true,
        "bounds": [
            1.7,
            5.1
        ]
    },
    "dl": {
        "value": 8174.21240234375,
        "errors_pm": [
            193.48306640625015,
            152.79207031250007
        ],
        "scale": 225.36611938476562,
        "fixed": false,
        "bounds": [
            8021.42033203125,
            8367.69546875
        ]
    },
    "fwhm": {
        "value": 4.52407693862915,
        "errors_pm": [
            4.3258785820007315,
            2.837779812812805
        ],
        "scale": 3.650083065032959,
        "fixed": false,
        "bounds": [
            1.6862971258163453,
            8.849955520629882
        ]
    },
    "fsig": {
        "value": 5.892050266265869,
        "errors_pm": [
            12.78185285568237,
            2.953861246109009
        ],
        "scale": 10.167508125305176,
        "fixed": false,
        "bounds": [
            2.93818902015686,
            18.67390312194824
        ]
    },
    "tau": {
        "value": 937.0529174804688,
        "errors_pm": [
            1338.7380004882812,
            363.28778076171875
        ],
        "scale": 1325.447998046875,
        "fixed": false,
        "bounds": [
            573.76513671875,
            2275.79091796875
        ]
    },
    "fw": {
        "value": 0.022881517186760902,
        "errors_pm": [
            0.03359678171575069,
            0.016329174656420947
        ],
        "scale": 0.03009198047220707,
        "fixed": false,
        "bounds": [
            0.006552342530339956,
            0.05647829890251159
        ]
    },
    "mu": {
        "value": 60.00716781616211,
        "errors_pm": [
            0.04638671875,
            0.057525634765625
        ],
        "scale": 0.06872861832380295,
        "fixed": false,
        "bounds": [
            59.949642181396484,
            60.05355453491211
        ]
    }
}