{
    "teff": {
        "value": 57774.910755511155,
        "scale": 627.2952764939437,
        "fixed": false,
        "bounds": [
            16000.0,
            90000.0
        ]
    },
    "logg": {
        "value": 7.338814538503063,
        "scale": 0.054619154967474604,
        "fixed": false,
        "bounds": [
            7.0,
            9.5
        ]
    },
    "av": {
        "value": 1.9073480265197063e-06,
        "scale": 0.0001524889707581467,
        "fixed": false,
        "bounds": [
            0.0,
            2.0
        ]
    },
    "rv": {
        "value": 3.1,
        "scale": 0.18,
        "fixed": true,
        "bounds": [
            1.7,
            5.1
        ]
    },
    "dl": {
        "value": 8685.890487519215,
        "scale": 39.346237628300514,
        "fixed": false,
        "bounds": [
            1e-07,
            10000000.0
        ]
    },
    "fwhm": {
        "value": 5.0,
        "scale": 0.5,
        "fixed": false,
        "bounds": [
            0.1,
            25.0
        ]
    },
    "fsig": {
        "value": 0.5,
        "scale": 0.1,
        "fixed": false,
        "bounds": [
            0.0,
            50.0
        ]
    },
    "tau": {
        "value": 5000.0,
        "scale": 100.0,
        "fixed": false,
        "bounds": [
            500.0,
            20000.0
        ]
    },
    "fw": {
        "value": 0.0001,
        "scale": 0.1,
        "fixed": false,
        "bounds": [
            0.0,
            10.0
        ]
    },
    "mu": {
        "value": 60.10486891598681,
        "scale": 1.0,
        "fixed": false,
        "bounds": [
            -1e-25,
            1000.0
        ]
    }
}