{
    "teff": {
        "fixed": false,
        "bounds": [
            16000.0,
            90000.0
        ],
        "value": 23085.281415541293,
        "scale": 119.34127678162076
    },
    "logg": {
        "fixed": false,
        "bounds": [
            7.0,
            9.5
        ],
        "value": 7.729747862254509,
        "scale": 0.030132297675688147
    },
    "av": {
        "fixed": false,
        "bounds": [
            0.0,
            2.0
        ],
        "value": 1.9073480265197063e-06,
        "scale": 0.00019513256067826834
    },
    "rv": {
        "fixed": true,
        "bounds": [
            1.7,
            5.1
        ],
        "value": 3.1,
        "scale": 0.18
    },
    "dl": {
        "fixed": false,
        "bounds": [
            1e-07,
            10000000.0
        ],
        "value": 6236.290975479304,
        "scale": 28.246793599417742
    },
    "fwhm": {
        "fixed": false,
        "bounds": [
            0.1,
            25.0
        ],
        "value": 5.0,
        "scale": 0.5
    },
    "fsig": {
        "fixed": false,
        "bounds": [
            0.0,
            50.0
        ],
        "value": 0.5,
        "scale": 0.1
    },
    "tau": {
        "fixed": false,
        "bounds": [
            500.0,
            20000.0
        ],
        "value": 5000.0,
        "scale": 100.0
    },
    "fw": {
        "fixed": false,
        "bounds": [
            0.0,
            10.0
        ],
        "value": 0.0001,
        "scale": 0.1
    },
    "mu": {
        "fixed": false,
        "bounds": [
            -1e-25,
            1000.0
        ],
        "value": 59.35020678818195,
        "scale": 1.0
    }
}