{
    "teff": {
        "fixed": false,
        "bounds": [
            20782.529296875,
            22112.445624999997
        ],
        "scale": 761.4268798828125,
        "value": 21390.8193359375,
        "errors_pm": [
            721.6262890624967,
            608.2900390625
        ]
    },
    "logg": {
        "fixed": false,
        "bounds": [
            7.8367533683776855,
            8.020917892456055
        ],
        "scale": 0.109861820936203,
        "value": 7.936957359313965,
        "errors_pm": [
            0.08396053314208984,
            0.1002039909362793
        ]
    },
    "av": {
        "fixed": false,
        "bounds": [
            0.03531705990433693,
            0.108728092610836
        ],
        "scale": 0.040032800287008286,
        "value": 0.06945722177624702,
        "errors_pm": [
            0.03927087083458898,
            0.034140161871910095
        ]
    },
    "rv": {
        "fixed": true,
        "bounds": [
            1.7,
            5.1
        ],
        "scale": 0.0,
        "value": 3.1,
        "errors_pm": [
            0.0,
            0.0
        ]
    },
    "dl": {
        "fixed": false,
        "bounds": [
            5533.79337890625,
            5675.64412109375
        ],
        "scale": 89.36748504638672,
        "value": 5603.8525390625,
        "errors_pm": [
            71.79158203125007,
            70.05916015625007
        ]
    },
    "fwhm": {
        "fixed": false,
        "bounds": [
            2.9787756824493408,
            7.4129916763305665
        ],
        "scale": 2.490475654602051,
        "value": 4.953326225280762,
        "errors_pm": [
            2.459665451049805,
            1.974550542831421
        ]
    },
    "fsig": {
        "fixed": false,
        "bounds": [
            2.2419935131072997,
            12.812763061523436
        ],
        "scale": 8.760120391845703,
        "value": 4.0744428634643555,
        "errors_pm": [
            8.73832019805908,
            1.8324493503570558
        ]
    },
    "tau": {
        "fixed": false,
        "bounds": [
            566.3139868164062,
            2562.963906249998
        ],
        "scale": 2059.27587890625,
        "value": 892.3660888671875,
        "errors_pm": [
            1670.5978173828107,
            326.0521020507813
        ]
    },
    "fw": {
        "fixed": false,
        "bounds": [
            0.006833850592374802,
            0.060136132538318635
        ],
        "scale": 0.03191978484392166,
        "value": 0.024132602848112583,
        "errors_pm": [
            0.03600352969020605,
            0.017298752255737782
        ]
    },
    "mu": {
        "fixed": false,
        "bounds": [
            59.11609649658203,
            59.17204284667969
        ],
        "scale": 0.03367990627884865,
        "value": 59.141910552978516,
        "errors_pm": [
            0.030132293701171875,
            0.025814056396484375
        ]
    }
}