{
    "teff": {
        "value": 43670.119140625,
        "fixed": false,
        "bounds": [
            41635.40046875,
            46482.52140625
        ],
        "scale": 3028.0634765625,
        "errors_pm": [
            2812.4022656250017,
            2034.7186718750017
        ]
    },
    "logg": {
        "value": 7.653554677963257,
        "fixed": false,
        "bounds": [
            7.517087783813476,
            7.834453659057617
        ],
        "scale": 0.1752474159002304,
        "errors_pm": [
            0.18089898109436042,
            0.13646689414978042
        ]
    },
    "av": {
        "value": 0.10583218559622765,
        "fixed": false,
        "bounds": [
            0.08948839575052261,
            0.12441031247377396
        ],
        "scale": 0.02133447304368019,
        "errors_pm": [
            0.018578126877546314,
            0.01634378984570503
        ]
    },
    "rv": {
        "value": 3.1,
        "fixed": true,
        "bounds": [
            1.7,
            5.1
        ],
        "scale": 0.0,
        "errors_pm": [
            0.0,
            0.0
        ]
    },
    "dl": {
        "value": 7573.99951171875,
        "fixed": false,
        "bounds": [
            7432.38671875,
            7751.4444140625
        ],
        "scale": 194.07449340820312,
        "errors_pm": [
            177.44490234375007,
            141.61279296875
        ]
    },
    "fwhm": {
        "value": 16.492527961730957,
        "fixed": false,
        "bounds": [
            10.720783119201661,
            19.929255752563478
        ],
        "scale": 4.808065414428711,
        "errors_pm": [
            3.4367277908325207,
            5.771744842529296
        ]
    },
    "fsig": {
        "value": 7.333247184753418,
        "fixed": false,
        "bounds": [
            3.321531419754028,
            20.986852874755854
        ],
        "scale": 10.552826881408691,
        "errors_pm": [
            13.653605690002436,
            4.01171576499939
        ]
    },
    "tau": {
        "value": 1443.7014770507812,
        "fixed": false,
        "bounds": [
            772.4157104492188,
            3190.400986328125
        ],
        "scale": 1601.9425048828125,
        "errors_pm": [
            1746.6995092773436,
            671.2857666015625
        ]
    },
    "fw": {
        "value": 0.023395689204335213,
        "fixed": false,
        "bounds": [
            0.006701768189668655,
            0.05818813204765319
        ],
        "scale": 0.03068002127110958,
        "errors_pm": [
            0.03479244284331798,
            0.016693921014666557
        ]
    },
    "mu": {
        "value": 59.715213775634766,
        "fixed": false,
        "bounds": [
            59.67103958129883,
            59.76906204223633
        ],
        "scale": 0.06061837077140808,
        "errors_pm": [
            0.0538482666015625,
            0.0441741943359375
        ]
    }
}