{
    "teff": {
        "value": 43648.46228047251,
        "fixed": false,
        "bounds": [
            16000.0,
            90000.0
        ],
        "scale": 380.0072969642533
    },
    "logg": {
        "value": 7.901570239649033,
        "fixed": false,
        "bounds": [
            7.0,
            9.5
        ],
        "scale": 0.038621587364794596
    },
    "av": {
        "value": 0.1887317445309976,
        "fixed": false,
        "bounds": [
            0.0,
            2.0
        ],
        "scale": 0.0038067634152946783
    },
    "rv": {
        "value": 3.1,
        "fixed": true,
        "bounds": [
            1.7,
            5.1
        ],
        "scale": 0.18
    },
    "dl": {
        "value": 7339.315346839853,
        "fixed": false,
        "bounds": [
            1e-07,
            10000000.0
        ],
        "scale": 25.65550193123181
    },
    "fwhm": {
        "value": 5.0,
        "fixed": false,
        "bounds": [
            0.1,
            25.0
        ],
        "scale": 0.5
    },
    "fsig": {
        "value": 0.5,
        "fixed": false,
        "bounds": [
            0.0,
            50.0
        ],
        "scale": 0.1
    },
    "tau": {
        "value": 5000.0,
        "fixed": false,
        "bounds": [
            500.0,
            20000.0
        ],
        "scale": 100.0
    },
    "fw": {
        "value": 0.0001,
        "fixed": false,
        "bounds": [
            0.0,
            10.0
        ],
        "scale": 0.1
    },
    "mu": {
        "value": 59.62642336481937,
        "fixed": false,
        "bounds": [
            -1e-25,
            1000.0
        ],
        "scale": 1.0
    }
}