{
    "teff": {
        "errors_pm": [
            1661.326171875,
            2459.3775781250006
        ],
        "fixed": false,
        "scale": 2505.290771484375,
        "bounds": [
            47644.52671875,
            51765.23046875
        ],
        "value": 50103.904296875
    },
    "logg": {
        "errors_pm": [
            0.10201199531555183,
            0.11414504051208496
        ],
        "fixed": false,
        "scale": 0.12990465760231018,
        "bounds": [
            7.651913166046143,
            7.868070201873779
        ],
        "value": 7.7660582065582275
    },
    "av": {
        "errors_pm": [
            0.007939544618129735,
            0.012354959547519695
        ],
        "fixed": false,
        "scale": 0.012617852538824081,
        "bounds": [
            0.1366737961769104,
            0.15696830034255982
        ],
        "value": 0.14902875572443008
    },
    "rv": {
        "errors_pm": [
            0.0,
            0.0
        ],
        "fixed": true,
        "scale": 0.0,
        "bounds": [
            1.7,
            5.1
        ],
        "value": 3.1
    },
    "dl": {
        "errors_pm": [
            95.7607421875,
            61.15576171875
        ],
        "fixed": false,
        "scale": 97.89217376708984,
        "bounds": [
            4905.9931640625,
            5062.90966796875
        ],
        "value": 4967.14892578125
    },
    "fwhm": {
        "errors_pm": [
            4.060815019607544,
            3.102706708908081
        ],
        "fixed": false,
        "scale": 3.5666213035583496,
        "bounds": [
            2.16932674407959,
            9.332848472595215
        ],
        "value": 5.272033452987671
    },
    "fsig": {
        "errors_pm": [
            11.596617507934567,
            2.2492626476287843
        ],
        "fixed": false,
        "scale": 9.789233207702637,
        "bounds": [
            2.3090087604522704,
            16.154888916015622
        ],
        "value": 4.558271408081055
    },
    "tau": {
        "errors_pm": [
            2381.492097167968,
            452.73969482421876
        ],
        "fixed": false,
        "scale": 2318.64013671875,
        "bounds": [
            555.7264306640625,
            3389.9582226562493
        ],
        "value": 1008.4661254882812
    },
    "fw": {
        "errors_pm": [
            0.07803651615977286,
            0.03857279755175114
        ],
        "fixed": false,
        "scale": 0.06659811735153198,
        "bounds": [
            0.015627065673470497,
            0.1322363793849945
        ],
        "value": 0.054199863225221634
    },
    "mu": {
        "errors_pm": [
            0.02675628662109375,
            0.04090942382812557
        ],
        "fixed": false,
        "scale": 0.04233691096305847,
        "bounds": [
            58.665267333984374,
            58.732933044433594
        ],
        "value": 58.7061767578125
    }
}