{
    "teff": {
        "bounds": [
            20543.879609375,
            21489.21484375
        ],
        "errors_pm": [
            445.40625,
            499.92898437500116
        ],
        "value": 21043.80859375,
        "scale": 545.8329467773438,
        "fixed": false
    },
    "logg": {
        "bounds": [
            7.8961710929870605,
            8.028954658508301
        ],
        "errors_pm": [
            0.06584373474121108,
            0.0669398307800293
        ],
        "value": 7.96311092376709,
        "scale": 0.07911639660596848,
        "fixed": false
    },
    "av": {
        "bounds": [
            0.12205032646656036,
            0.1760265827178955
        ],
        "errors_pm": [
            0.025390222668647766,
            0.02858603358268738
        ],
        "value": 0.15063636004924774,
        "scale": 0.03147919476032257,
        "fixed": false
    },
    "rv": {
        "bounds": [
            1.7,
            5.1
        ],
        "errors_pm": [
            0.0,
            0.0
        ],
        "value": 3.1,
        "scale": 0.0,
        "fixed": true
    },
    "dl": {
        "bounds": [
            3340.088583984375,
            3399.942138671875
        ],
        "errors_pm": [
            31.04052734375,
            28.813027343750036
        ],
        "value": 3368.901611328125,
        "scale": 36.16710662841797,
        "fixed": false
    },
    "fwhm": {
        "bounds": [
            2.430450572967529,
            5.985115127563473
        ],
        "errors_pm": [
            1.9642957019805873,
            1.5903688526153568
        ],
        "value": 4.020819425582886,
        "scale": 2.0228586196899414,
        "fixed": false
    },
    "fsig": {
        "bounds": [
            1.711700758934021,
            13.107394180297849
        ],
        "errors_pm": [
            9.15727027416229,
            2.238423147201538
        ],
        "value": 3.950123906135559,
        "scale": 8.951748847961426,
        "fixed": false
    },
    "tau": {
        "bounds": [
            739.5258813476562,
            3867.775742187499
        ],
        "errors_pm": [
            2419.04655517578,
            709.2033056640626
        ],
        "value": 1448.7291870117188,
        "scale": 2412.842041015625,
        "fixed": false
    },
    "fw": {
        "bounds": [
            0.005012913551181555,
            0.04361530750989914
        ],
        "errors_pm": [
            0.026013519465923313,
            0.012588874492794274
        ],
        "value": 0.01760178804397583,
        "scale": 0.02299862913787365,
        "fixed": false
    },
    "mu": {
        "bounds": [
            57.33381271362305,
            57.36863708496094
        ],
        "errors_pm": [
            0.01654815673828125,
            0.018276214599609375
        ],
        "value": 57.352088928222656,
        "scale": 0.020345471799373627,
        "fixed": false
    }
}