{
    "teff": {
        "value": 22040.969770585245,
        "fixed": false,
        "scale": 117.76280403262717,
        "bounds": [
            16000.0,
            90000.0
        ]
    },
    "logg": {
        "value": 7.947226460588382,
        "fixed": false,
        "scale": 0.023573771814803024,
        "bounds": [
            7.0,
            9.5
        ]
    },
    "av": {
        "value": 0.18531509998062246,
        "fixed": false,
        "scale": 0.006295260743218345,
        "bounds": [
            0.0,
            2.0
        ]
    },
    "rv": {
        "value": 3.1,
        "fixed": true,
        "scale": 0.18,
        "bounds": [
            1.7,
            5.1
        ]
    },
    "dl": {
        "value": 3413.6902097009934,
        "fixed": false,
        "scale": 9.844806777015265,
        "bounds": [
            1e-07,
            10000000.0
        ]
    },
    "fwhm": {
        "value": 5.0,
        "fixed": false,
        "scale": 0.5,
        "bounds": [
            0.1,
            25.0
        ]
    },
    "fsig": {
        "value": 0.5,
        "fixed": false,
        "scale": 0.1,
        "bounds": [
            0.0,
            50.0
        ]
    },
    "tau": {
        "value": 5000.0,
        "fixed": false,
        "scale": 100.0,
        "bounds": [
            500.0,
            20000.0
        ]
    },
    "fw": {
        "value": 0.0001,
        "fixed": false,
        "scale": 0.1,
        "bounds": [
            0.0,
            10.0
        ]
    },
    "mu": {
        "value": 57.41051072054256,
        "fixed": false,
        "scale": 1.0,
        "bounds": [
            -1e-25,
            1000.0
        ]
    }
}