{
    "teff": {
        "scale": 64.66647519767503,
        "value": 33152.7330545663,
        "fixed": false,
        "bounds": [
            16000.0,
            90000.0
        ]
    },
    "logg": {
        "scale": 0.01733286896054187,
        "value": 7.596357050086819,
        "fixed": false,
        "bounds": [
            7.0,
            9.5
        ]
    },
    "av": {
        "scale": 1.71192752209115e-05,
        "value": 1.9073480265197063e-06,
        "fixed": false,
        "bounds": [
            0.0,
            2.0
        ]
    },
    "rv": {
        "scale": 0.18,
        "value": 3.1,
        "fixed": true,
        "bounds": [
            1.7,
            5.1
        ]
    },
    "dl": {
        "scale": 3.6923003532417624,
        "value": 2256.4064482700223,
        "fixed": false,
        "bounds": [
            1e-07,
            10000000.0
        ]
    },
    "fwhm": {
        "scale": 0.5,
        "value": 5.0,
        "fixed": false,
        "bounds": [
            0.1,
            25.0
        ]
    },
    "fsig": {
        "scale": 0.1,
        "value": 0.5,
        "fixed": false,
        "bounds": [
            0.0,
            50.0
        ]
    },
    "tau": {
        "scale": 100.0,
        "value": 5000.0,
        "fixed": false,
        "bounds": [
            500.0,
            20000.0
        ]
    },
    "fw": {
        "scale": 0.1,
        "value": 0.0001,
        "fixed": false,
        "bounds": [
            0.0,
            10.0
        ]
    },
    "mu": {
        "scale": 1.0,
        "value": 56.86946131659678,
        "fixed": false,
        "bounds": [
            -1e-25,
            1000.0
        ]
    }
}