{
    "teff": {
        "errors_pm": [
            325.1910546875006,
            258.0068359375
        ],
        "scale": 339.6933288574219,
        "bounds": [
            30547.7109375,
            31130.908828125
        ],
        "value": 30805.7177734375,
        "fixed": false
    },
    "logg": {
        "errors_pm": [
            0.04697950363159187,
            0.05472898483276367
        ],
        "scale": 0.061399687081575394,
        "bounds": [
            7.821492671966553,
            7.923201160430908
        ],
        "value": 7.876221656799316,
        "fixed": false
    },
    "av": {
        "errors_pm": [
            0.007791590858250846,
            0.006300318483263254
        ],
        "scale": 0.007805905304849148,
        "bounds": [
            0.00493116308003664,
            0.01902307242155074
        ],
        "value": 0.011231481563299894,
        "fixed": false
    },
    "rv": {
        "errors_pm": [
            0.0,
            0.0
        ],
        "scale": 0.0,
        "bounds": [
            1.7,
            5.1
        ],
        "value": 3.1,
        "fixed": true
    },
    "dl": {
        "errors_pm": [
            13.06396484375,
            13.647705078125
        ],
        "scale": 19.198516845703125,
        "bounds": [
            2052.226318359375,
            2078.93798828125
        ],
        "value": 2065.8740234375,
        "fixed": false
    },
    "fwhm": {
        "errors_pm": [
            1.5409561729431145,
            1.5232360649108885
        ],
        "scale": 1.6799793243408203,
        "bounds": [
            2.166232318878174,
            5.230424556732177
        ],
        "value": 3.6894683837890625,
        "fixed": false
    },
    "fsig": {
        "errors_pm": [
            9.023342094421388,
            2.065109872817993
        ],
        "scale": 8.849666595458984,
        "bounds": [
            2.8847068309783936,
            13.973158798217774
        ],
        "value": 4.949816703796387,
        "fixed": false
    },
    "tau": {
        "errors_pm": [
            1125.6577819824217,
            283.8237194824219
        ],
        "scale": 1324.0028076171875,
        "bounds": [
            571.7784838867187,
            1981.2599853515624
        ],
        "value": 855.6022033691406,
        "fixed": false
    },
    "fw": {
        "errors_pm": [
            0.02490653462707995,
            0.011939792707562447
        ],
        "scale": 0.02560345083475113,
        "bounds": [
            0.004749219119548798,
            0.041595546454191196
        ],
        "value": 0.016689011827111244,
        "fixed": false
    },
    "mu": {
        "errors_pm": [
            0.01551055908203125,
            0.01251983642578125
        ],
        "scale": 0.017600784078240395,
        "bounds": [
            56.697265625,
            56.72529602050781
        ],
        "value": 56.70978546142578,
        "fixed": false
    }
}