{
    "teff": {
        "scale": 485.0735168457031,
        "value": 23433.521484375,
        "fixed": false,
        "errors_pm": [
            455.9202343750003,
            407.634765625
        ],
        "bounds": [
            23025.88671875,
            23889.44171875
        ]
    },
    "logg": {
        "scale": 0.06320410966873169,
        "value": 7.940674781799316,
        "fixed": false,
        "errors_pm": [
            0.051195220947265696,
            0.05098724365234375
        ],
        "bounds": [
            7.889687538146973,
            7.991870002746582
        ]
    },
    "av": {
        "scale": 0.023419950157403946,
        "value": 0.04263346083462238,
        "fixed": false,
        "errors_pm": [
            0.022783299610018723,
            0.01998096965253353
        ],
        "bounds": [
            0.022652491182088855,
            0.0654167604446411
        ]
    },
    "rv": {
        "scale": 0.0,
        "value": 3.1,
        "fixed": true,
        "errors_pm": [
            0.0,
            0.0
        ],
        "bounds": [
            1.7,
            5.1
        ]
    },
    "dl": {
        "scale": 43.1054801940918,
        "value": 3899.79248046875,
        "fixed": false,
        "errors_pm": [
            27.91455078125,
            30.728515625
        ],
        "bounds": [
            3869.06396484375,
            3927.70703125
        ]
    },
    "fwhm": {
        "scale": 1.230108618736267,
        "value": 4.76112174987793,
        "fixed": false,
        "errors_pm": [
            1.0576358413696285,
            0.9710901546478272
        ],
        "bounds": [
            3.7900315952301025,
            5.818757591247558
        ]
    },
    "fsig": {
        "scale": 8.937097549438477,
        "value": 6.443771839141846,
        "fixed": false,
        "errors_pm": [
            9.613974361419679,
            2.453001852035522
        ],
        "bounds": [
            3.9907699871063236,
            16.057746200561525
        ]
    },
    "tau": {
        "scale": 859.5511474609375,
        "value": 760.2930908203125,
        "fixed": false,
        "errors_pm": [
            783.781513671875,
            206.02972412109375
        ],
        "bounds": [
            554.2633666992188,
            1544.0746044921875
        ]
    },
    "fw": {
        "scale": 0.03363502398133278,
        "value": 0.024371706880629063,
        "fixed": false,
        "errors_pm": [
            0.036326217018067826,
            0.0174182453379035
        ],
        "bounds": [
            0.006953461542725563,
            0.06069792389869689
        ]
    },
    "mu": {
        "scale": 0.02253968082368374,
        "value": 58.2118034362793,
        "fixed": false,
        "errors_pm": [
            0.017665863037109375,
            0.01627349853515625
        ],
        "bounds": [
            58.19552993774414,
            58.229469299316406
        ]
    }
}