{
    "teff": {
        "value": 56759.943359375,
        "bounds": [
            54718.36328125,
            58547.16265625
        ],
        "fixed": false,
        "scale": 2232.97607421875,
        "errors_pm": [
            1787.2192968750023,
            2041.580078125
        ]
    },
    "logg": {
        "value": 7.6931939125061035,
        "bounds": [
            7.576280117034912,
            7.805408477783203
        ],
        "fixed": false,
        "scale": 0.13832399249076843,
        "errors_pm": [
            0.11221456527709961,
            0.1169137954711914
        ]
    },
    "av": {
        "value": 0.022384165786206722,
        "bounds": [
            0.014886613488197326,
            0.02864365205168724
        ],
        "fixed": false,
        "scale": 0.007766359485685825,
        "errors_pm": [
            0.006259486265480518,
            0.007497552298009396
        ]
    },
    "rv": {
        "value": 3.1,
        "bounds": [
            1.7,
            5.1
        ],
        "fixed": true,
        "scale": 0.0,
        "errors_pm": [
            0.0,
            0.0
        ]
    },
    "dl": {
        "value": 5617.251953125,
        "bounds": [
            5548.5985546875,
            5696.2939453125
        ],
        "fixed": false,
        "scale": 93.376220703125,
        "errors_pm": [
            79.0419921875,
            68.65339843750007
        ]
    },
    "fwhm": {
        "value": 5.410393953323364,
        "bounds": [
            2.3244704914093015,
            9.643075447082518
        ],
        "fixed": false,
        "scale": 3.709404706954956,
        "errors_pm": [
            4.232681493759154,
            3.0859234619140627
        ]
    },
    "fsig": {
        "value": 3.769412040710449,
        "bounds": [
            1.0791538953781128,
            14.2835940170288
        ],
        "fixed": false,
        "scale": 9.268811225891113,
        "errors_pm": [
            10.514181976318351,
            2.6902581453323364
        ]
    },
    "tau": {
        "value": 2602.1885986328125,
        "bounds": [
            936.8474047851562,
            7448.65005859375
        ],
        "fixed": false,
        "scale": 3880.7333984375,
        "errors_pm": [
            4846.461459960938,
            1665.3411938476563
        ]
    },
    "fw": {
        "value": 0.032511794939637184,
        "bounds": [
            0.009350874088704586,
            0.08042540431022643
        ],
        "fixed": false,
        "scale": 0.04207656532526016,
        "errors_pm": [
            0.04791360937058925,
            0.023160920850932597
        ]
    },
    "mu": {
        "value": 58.459075927734375,
        "bounds": [
            58.42998123168945,
            58.48390579223633
        ],
        "fixed": false,
        "scale": 0.031659454107284546,
        "errors_pm": [
            0.024829864501953125,
            0.029094696044921875
        ]
    }
}