{
    "teff": {
        "scale": 358.1283264160156,
        "errors_pm": [
            296.9475781250003,
            300.3108593750003
        ],
        "fixed": false,
        "value": 28767.658203125,
        "bounds": [
            28467.34734375,
            29064.60578125
        ]
    },
    "logg": {
        "scale": 0.048797573894262314,
        "errors_pm": [
            0.038591861724853516,
            0.041270809173584055
        ],
        "fixed": false,
        "value": 7.890539646148682,
        "bounds": [
            7.849268836975098,
            7.929131507873535
        ]
    },
    "av": {
        "scale": 0.012780609540641308,
        "errors_pm": [
            0.01018315762281416,
            0.01019911885261536
        ],
        "fixed": false,
        "value": 0.12288948148488998,
        "bounds": [
            0.11269036263227462,
            0.13307263910770414
        ]
    },
    "rv": {
        "scale": 0.0,
        "errors_pm": [
            0.0,
            0.0
        ],
        "fixed": true,
        "value": 3.1,
        "bounds": [
            1.7,
            5.1
        ]
    },
    "dl": {
        "scale": 13.482067108154297,
        "errors_pm": [
            11.15185546875,
            10.647236328125018
        ],
        "fixed": false,
        "value": 1166.5135498046875,
        "bounds": [
            1155.8663134765625,
            1177.6654052734375
        ]
    },
    "fwhm": {
        "scale": 0.464528352022171,
        "errors_pm": [
            0.36840343475341797,
            0.3671176338195803
        ],
        "fixed": false,
        "value": 5.046931743621826,
        "bounds": [
            4.679814109802246,
            5.415335178375244
        ]
    },
    "fsig": {
        "scale": 4.2772417068481445,
        "errors_pm": [
            0.9056777954101562,
            3.1803149414062517
        ],
        "fixed": false,
        "value": 48.84998321533203,
        "bounds": [
            45.66966827392578,
            49.75566101074219
        ]
    },
    "tau": {
        "scale": 357.33392333984375,
        "errors_pm": [
            21.258890380859384,
            5.7035876464843795
        ],
        "fixed": false,
        "value": 507.2101135253906,
        "bounds": [
            501.50652587890625,
            528.46900390625
        ]
    },
    "fw": {
        "scale": 0.055032387375831604,
        "errors_pm": [
            0.04232765678316354,
            0.020162111148238182
        ],
        "fixed": false,
        "value": 0.028233355842530727,
        "bounds": [
            0.008071244694292545,
            0.07056101262569427
        ]
    },
    "mu": {
        "scale": 0.01780182309448719,
        "errors_pm": [
            0.01381683349609375,
            0.0140533447265625
        ],
        "fixed": false,
        "value": 55.584930419921875,
        "bounds": [
            55.57087707519531,
            55.59874725341797
        ]
    }
}