{
    "teff": {
        "value": 38965.455728582085,
        "fixed": false,
        "scale": 237.06647620715376,
        "bounds": [
            16000.0,
            90000.0
        ]
    },
    "logg": {
        "value": 7.749644476541579,
        "fixed": false,
        "scale": 0.03216185946738159,
        "bounds": [
            7.0,
            9.5
        ]
    },
    "av": {
        "value": 0.09322614783227112,
        "fixed": false,
        "scale": 0.003557594314806345,
        "bounds": [
            0.0,
            2.0
        ]
    },
    "rv": {
        "value": 3.1,
        "fixed": true,
        "scale": 0.18,
        "bounds": [
            1.7,
            5.1
        ]
    },
    "dl": {
        "value": 4397.486114702844,
        "fixed": false,
        "scale": 12.196083835069658,
        "bounds": [
            1e-07,
            10000000.0
        ]
    },
    "fwhm": {
        "value": 5.0,
        "fixed": false,
        "scale": 0.5,
        "bounds": [
            0.1,
            25.0
        ]
    },
    "fsig": {
        "value": 0.5,
        "fixed": false,
        "scale": 0.1,
        "bounds": [
            0.0,
            50.0
        ]
    },
    "tau": {
        "value": 5000.0,
        "fixed": false,
        "scale": 100.0,
        "bounds": [
            500.0,
            20000.0
        ]
    },
    "fw": {
        "value": 0.0001,
        "fixed": false,
        "scale": 0.1,
        "bounds": [
            0.0,
            10.0
        ]
    },
    "mu": {
        "value": 58.3319075600546,
        "fixed": false,
        "scale": 1.0,
        "bounds": [
            -1e-25,
            1000.0
        ]
    }
}