{
    "teff": {
        "value": 46297.79296875,
        "fixed": false,
        "scale": 2404.257568359375,
        "errors_pm": [
            1839.0631250000006,
            2338.6295312500006
        ],
        "bounds": [
            43959.1634375,
            48136.85609375
        ]
    },
    "logg": {
        "value": 7.846237659454346,
        "fixed": false,
        "scale": 0.14496739208698273,
        "errors_pm": [
            0.12068660736083991,
            0.11767585754394538
        ],
        "bounds": [
            7.7285618019104,
            7.966924266815186
        ]
    },
    "av": {
        "value": 0.1528390273451805,
        "fixed": false,
        "scale": 0.013482869602739811,
        "errors_pm": [
            0.00943843990564347,
            0.013193977177143101
        ],
        "bounds": [
            0.1396450501680374,
            0.16227746725082398
        ]
    },
    "rv": {
        "value": 3.1,
        "fixed": true,
        "scale": 0.0,
        "errors_pm": [
            0.0,
            0.0
        ],
        "bounds": [
            1.7,
            5.1
        ]
    },
    "dl": {
        "value": 4914.93603515625,
        "fixed": false,
        "scale": 107.24618530273438,
        "errors_pm": [
            92.41755859374916,
            79.130859375
        ],
        "bounds": [
            4835.80517578125,
            5007.353593749999
        ]
    },
    "fwhm": {
        "value": 5.846174240112305,
        "fixed": false,
        "scale": 3.8116986751556396,
        "errors_pm": [
            4.283704910278319,
            3.3599355316162107
        ],
        "bounds": [
            2.486238708496094,
            10.129879150390623
        ]
    },
    "fsig": {
        "value": 6.833007574081421,
        "fixed": false,
        "scale": 9.835970878601074,
        "errors_pm": [
            11.752091608047486,
            3.3188012409210206
        ],
        "bounds": [
            3.5142063331604003,
            18.585099182128907
        ]
    },
    "tau": {
        "value": 1607.759033203125,
        "fixed": false,
        "scale": 1963.1317138671875,
        "errors_pm": [
            2064.9703417968744,
            717.4791381835938
        ],
        "bounds": [
            890.2798950195312,
            3672.7293749999994
        ]
    },
    "fw": {
        "value": 0.03097251895815134,
        "fixed": false,
        "scale": 0.041185420006513596,
        "errors_pm": [
            0.045947212539613216,
            0.022124135866761208
        ],
        "bounds": [
            0.008848383091390133,
            0.07691973149776456
        ]
    },
    "mu": {
        "value": 58.48103332519531,
        "fixed": false,
        "scale": 0.045901309698820114,
        "errors_pm": [
            0.033294677734375,
            0.045124053955078125
        ],
        "bounds": [
            58.435909271240234,
            58.51432800292969
        ]
    }
}