{
    "teff": {
        "value": 58814.57247271735,
        "scale": 512.2959750436858,
        "bounds": [
            16000.0,
            90000.0
        ],
        "fixed": false
    },
    "logg": {
        "value": 7.8247425877539705,
        "scale": 0.05368095374111803,
        "bounds": [
            7.0,
            9.5
        ],
        "fixed": false
    },
    "av": {
        "value": 4.199984782182753e-08,
        "scale": 0.0027567296439816036,
        "bounds": [
            0.0,
            2.0
        ],
        "fixed": false
    },
    "rv": {
        "value": 3.1,
        "scale": 0.18,
        "bounds": [
            1.7,
            5.1
        ],
        "fixed": true
    },
    "dl": {
        "value": 6371.400605859628,
        "scale": 25.119896845393214,
        "bounds": [
            1e-07,
            10000000.0
        ],
        "fixed": false
    },
    "fwhm": {
        "value": 5.0,
        "scale": 0.5,
        "bounds": [
            0.1,
            25.0
        ],
        "fixed": false
    },
    "fsig": {
        "value": 0.5,
        "scale": 0.1,
        "bounds": [
            0.0,
            50.0
        ],
        "fixed": false
    },
    "tau": {
        "value": 5000.0,
        "scale": 100.0,
        "bounds": [
            500.0,
            20000.0
        ],
        "fixed": false
    },
    "fw": {
        "value": 0.0001,
        "scale": 0.1,
        "bounds": [
            0.0,
            10.0
        ],
        "fixed": false
    },
    "mu": {
        "value": 59.469800589312726,
        "scale": 1.0,
        "bounds": [
            -1e-25,
            1000.0
        ],
        "fixed": false
    }
}