{
    "teff": {
        "value": 59422.0546875,
        "scale": 2613.349853515625,
        "bounds": [
            57164.624375,
            61527.12171875
        ],
        "fixed": false,
        "errors_pm": [
            2105.0670312500006,
            2257.4303125000006
        ]
    },
    "logg": {
        "value": 7.757984399795532,
        "scale": 0.14775466918945312,
        "bounds": [
            7.631863918304443,
            7.876389980316162
        ],
        "fixed": false,
        "errors_pm": [
            0.11840558052062988,
            0.126120481491089
        ]
    },
    "av": {
        "value": 0.025911563076078892,
        "scale": 0.00936863012611866,
        "bounds": [
            0.017242146357893944,
            0.03380009308457374
        ],
        "fixed": false,
        "errors_pm": [
            0.007888530008494848,
            0.008669416718184948
        ]
    },
    "rv": {
        "value": 3.1,
        "scale": 0.0,
        "bounds": [
            1.7,
            5.1
        ],
        "fixed": true,
        "errors_pm": [
            0.0,
            0.0
        ]
    },
    "dl": {
        "value": 6328.974609375,
        "scale": 114.37017822265625,
        "bounds": [
            6243.3818359375,
            6426.27099609375
        ],
        "fixed": false,
        "errors_pm": [
            97.29638671875,
            85.5927734375
        ]
    },
    "fwhm": {
        "value": 5.858782529830933,
        "scale": 3.9767935276031494,
        "bounds": [
            2.4390234756469726,
            10.421566429138181
        ],
        "fixed": false,
        "errors_pm": [
            4.562783899307249,
            3.41975905418396
        ]
    },
    "fsig": {
        "value": 4.482516527175903,
        "scale": 9.081650733947754,
        "bounds": [
            1.3923412084579467,
            14.746880455017083
        ],
        "fixed": false,
        "errors_pm": [
            10.26436392784118,
            3.0901753187179564
        ]
    },
    "tau": {
        "value": 3717.1883544921875,
        "scale": 4399.4482421875,
        "bounds": [
            1322.2787451171876,
            9574.151484375
        ],
        "fixed": false,
        "errors_pm": [
            5856.963129882812,
            2394.909609375
        ]
    },
    "fw": {
        "value": 0.028869678266346455,
        "scale": 0.03730149567127228,
        "bounds": [
            0.008267231620848178,
            0.07115581125020981
        ],
        "fixed": false,
        "errors_pm": [
            0.042286132983863356,
            0.020602446645498276
        ]
    },
    "mu": {
        "value": 59.44794464111328,
        "scale": 0.035613466054201126,
        "bounds": [
            59.41697311401367,
            59.47582244873047
        ],
        "fixed": false,
        "errors_pm": [
            0.0278778076171875,
            0.030971527099609375
        ]
    }
}