{
    "teff": {
        "value": 33266.1484375,
        "errors_pm": [
            873.1171875,
            797.0625
        ],
        "scale": 1135.0570068359375,
        "bounds": [
            32469.0859375,
            34139.265625
        ],
        "fixed": false
    },
    "logg": {
        "value": 7.218374252319336,
        "errors_pm": [
            0.12945556640625,
            0.11620195388793952
        ],
        "scale": 0.12892428040504456,
        "bounds": [
            7.102172298431396,
            7.347829818725586
        ],
        "fixed": false
    },
    "av": {
        "value": 0.30291591584682465,
        "errors_pm": [
            0.014858662486076368,
            0.01418937146663668
        ],
        "scale": 0.021294930949807167,
        "bounds": [
            0.28872654438018797,
            0.317774578332901
        ],
        "fixed": false
    },
    "rv": {
        "value": 3.1,
        "errors_pm": [
            0.0,
            0.0
        ],
        "scale": 0.0,
        "bounds": [
            1.7,
            5.1
        ],
        "fixed": true
    },
    "dl": {
        "value": 5352.241943359375,
        "errors_pm": [
            105.478759765625,
            101.092529296875
        ],
        "scale": 127.25093078613281,
        "bounds": [
            5251.1494140625,
            5457.720703125
        ],
        "fixed": false
    },
    "fwhm": {
        "value": 6.713496208190918,
        "errors_pm": [
            3.1570911788940403,
            3.147128658294678
        ],
        "scale": 3.186410665512085,
        "bounds": [
            3.56636754989624,
            9.870587387084958
        ],
        "fixed": false
    },
    "fsig": {
        "value": 3.595129370689392,
        "errors_pm": [
            8.796887307167047,
            1.9291520309448242
        ],
        "scale": 8.742409706115723,
        "bounds": [
            1.6659773397445679,
            12.39201667785644
        ],
        "fixed": false
    },
    "tau": {
        "value": 1355.9558715820312,
        "errors_pm": [
            2403.5482299804676,
            643.0281372070312
        ],
        "scale": 2359.263916015625,
        "bounds": [
            712.927734375,
            3759.504101562499
        ],
        "fixed": false
    },
    "fw": {
        "value": 0.03739906661212444,
        "errors_pm": [
            0.055932252481579764,
            0.02669104091823101
        ],
        "scale": 0.05456613004207611,
        "bounds": [
            0.010708025693893432,
            0.09333131909370421
        ],
        "fixed": false
    },
    "mu": {
        "value": 58.34611511230469,
        "errors_pm": [
            0.035213470458984375,
            0.03267669677734375
        ],
        "scale": 0.04414384067058563,
        "bounds": [
            58.313438415527344,
            58.38132858276367
        ],
        "fixed": false
    }
}