{
    "teff": {
        "errors_pm": [
            417.38671875,
            240.921875
        ],
        "scale": 379.9117431640625,
        "bounds": [
            32771.078125,
            33429.38671875
        ],
        "value": 33012.0,
        "fixed": false
    },
    "logg": {
        "errors_pm": [
            0.038936614990234375,
            0.04560192108154304
        ],
        "scale": 0.05039944872260094,
        "bounds": [
            7.778636379241943,
            7.863174915313721
        ],
        "value": 7.824238300323486,
        "fixed": false
    },
    "av": {
        "errors_pm": [
            0.006890760092064737,
            0.0037867039535194637
        ],
        "scale": 0.006103910971432924,
        "bounds": [
            0.0017947990819811822,
            0.012472263127565383
        ],
        "value": 0.005581503035500646,
        "fixed": false
    },
    "rv": {
        "errors_pm": [
            0.0,
            0.0
        ],
        "scale": 0.0,
        "bounds": [
            1.7,
            5.1
        ],
        "value": 3.1,
        "fixed": true
    },
    "dl": {
        "errors_pm": [
            2.3601733398437545,
            2.669769287109375
        ],
        "scale": 3.0700321197509766,
        "bounds": [
            373.4698181152344,
            378.4997607421875
        ],
        "value": 376.13958740234375,
        "fixed": false
    },
    "fwhm": {
        "errors_pm": [
            0.8929819774627683,
            0.9245738887786858
        ],
        "scale": 1.0984994173049927,
        "bounds": [
            5.503977069854737,
            7.321532936096191
        ],
        "value": 6.428550958633423,
        "fixed": false
    },
    "fsig": {
        "errors_pm": [
            12.091279144287107,
            4.798554573059082
        ],
        "scale": 9.183690071105957,
        "bounds": [
            13.358441200256348,
            30.248274917602537
        ],
        "value": 18.15699577331543,
        "fixed": false
    },
    "tau": {
        "errors_pm": [
            244.48911499023438,
            77.34957885742188
        ],
        "scale": 282.9591064453125,
        "bounds": [
            520.1241455078125,
            841.9628393554688
        ],
        "value": 597.4737243652344,
        "fixed": false
    },
    "fw": {
        "errors_pm": [
            0.06285002782940863,
            0.03070341866463423
        ],
        "scale": 0.05517315864562988,
        "bounds": [
            0.012275460399687289,
            0.10582890689373015
        ],
        "value": 0.04297887906432152,
        "fixed": false
    },
    "mu": {
        "errors_pm": [
            0.016510009765625,
            0.01006317138671875
        ],
        "scale": 0.015373088419437408,
        "bounds": [
            53.11030960083008,
            53.13688278198242
        ],
        "value": 53.1203727722168,
        "fixed": false
    }
}