{
    "teff": {
        "value": 64161.265625,
        "bounds": [
            63385.6946875,
            65286.80921875
        ],
        "scale": 1282.5621337890625,
        "fixed": false,
        "errors_pm": [
            1125.5435937500006,
            775.5709375000006
        ]
    },
    "logg": {
        "value": 7.569037914276123,
        "bounds": [
            7.478426933288574,
            7.6459197998046875
        ],
        "scale": 0.10098841786384583,
        "fixed": false,
        "errors_pm": [
            0.07688188552856445,
            0.09061098098754883
        ]
    },
    "av": {
        "value": 0.0008468507148791105,
        "bounds": [
            0.00018699434935115278,
            0.0029643668234348294
        ],
        "scale": 0.00238698604516685,
        "fixed": false,
        "errors_pm": [
            0.002117516108555719,
            0.0006598563655279576
        ]
    },
    "rv": {
        "value": 3.1,
        "bounds": [
            1.7,
            5.1
        ],
        "scale": 0.0,
        "fixed": true,
        "errors_pm": [
            0.0,
            0.0
        ]
    },
    "dl": {
        "value": 283.97328186035156,
        "bounds": [
            279.7813720703125,
            289.09576904296875
        ],
        "scale": 5.544702053070068,
        "fixed": false,
        "errors_pm": [
            5.122487182617192,
            4.1919097900390625
        ]
    },
    "fwhm": {
        "value": 3.2510265111923218,
        "bounds": [
            1.45273681640625,
            6.095806751251221
        ],
        "scale": 2.4717202186584473,
        "fixed": false,
        "errors_pm": [
            2.844780240058899,
            1.7982896947860718
        ]
    },
    "fsig": {
        "value": 28.75955581665039,
        "bounds": [
            14.850023956298827,
            42.468449096679684
        ],
        "scale": 12.154991149902344,
        "fixed": false,
        "errors_pm": [
            13.708893280029294,
            13.909531860351564
        ]
    },
    "tau": {
        "value": 1911.2620849609375,
        "bounds": [
            1135.4056249999999,
            2657.2238671874998
        ],
        "scale": 762.10205078125,
        "fixed": false,
        "errors_pm": [
            745.9617822265623,
            775.8564599609376
        ]
    },
    "fw": {
        "value": 0.03176472336053848,
        "bounds": [
            0.009095291681587696,
            0.07860266923904416
        ],
        "scale": 0.04654012620449066,
        "fixed": false,
        "errors_pm": [
            0.04683794587850568,
            0.022669431678950788
        ]
    },
    "mu": {
        "value": 52.63688278198242,
        "bounds": [
            52.624759674072266,
            52.65320587158203
        ],
        "scale": 0.019457530230283737,
        "fixed": false,
        "errors_pm": [
            0.016323089599609375,
            0.01212310791015625
        ]
    }
}